variable,moran_I,p_value,permutations,n_counties,k_neighbors
raw_total,0.24621628728549053,0.002997002997002997,1000,38,5
log1p_total,0.49459436270213103,9.99000999000999e-4,1000,38,5
